Symbol,Country,State,State FIP,County,County FIP
ILVE,United States,Alabama,01,,
ILVE,United States,Alabama,01,Autauga,001
ILVE,United States,Alabama,01,Baldwin,003
ILVE,United States,Alabama,01,Bibb,007
ILVE,United States,Alabama,01,Calhoun,015
ILVE,United States,Alabama,01,Chambers,017
ILVE,United States,Alabama,01,Chilton,021
ILVE,United States,Alabama,01,Clarke,025
ILVE,United States,Alabama,01,Clay,027
ILVE,United States,Alabama,01,Cleburne,029
ILVE,United States,Alabama,01,Coffee,031
ILVE,United States,Alabama,01,Conecuh,035
ILVE,United States,Alabama,01,Coosa,037
ILVE,United States,Alabama,01,Cullman,043
ILVE,United States,Alabama,01,Dallas,047
ILVE,United States,Alabama,01,DeKalb,049
ILVE,United States,Alabama,01,Elmore,051
ILVE,United States,Alabama,01,Greene,063
ILVE,United States,Alabama,01,Jackson,071
ILVE,United States,Alabama,01,Lamar,075
ILVE,United States,Alabama,01,Lauderdale,077
ILVE,United States,Alabama,01,Lee,081
ILVE,United States,Alabama,01,Lowndes,085
ILVE,United States,Alabama,01,Monroe,099
ILVE,United States,Alabama,01,Montgomery,101
ILVE,United States,Alabama,01,Randolph,111
ILVE,United States,Alabama,01,Talladega,121
ILVE,United States,Alabama,01,Tallapoosa,123
ILVE,United States,Alabama,01,Tuscaloosa,125
ILVE,United States,Alabama,01,Walker,127
ILVE,United States,Alabama,01,Winston,133
ILVE,Canada,New Brunswick,04,,
ILVE,United States,Arkansas,05,,
ILVE,United States,Arkansas,05,Ashley,003
ILVE,United States,Arkansas,05,Faulkner,045
ILVE,United States,Arkansas,05,Independence,063
ILVE,United States,Arkansas,05,Poinsett,111
ILVE,United States,Arkansas,05,Pulaski,119
ILVE,United States,Arkansas,05,Saline,125
ILVE,Canada,Nova Scotia,07,,
ILVE,Canada,Ontario,08,,
ILVE,Canada,Prince Edward Island,09,,
ILVE,United States,Connecticut,09,,
ILVE,United States,Connecticut,09,Fairfield,001
ILVE,United States,Connecticut,09,Hartford,003
ILVE,United States,Connecticut,09,Litchfield,005
ILVE,United States,Connecticut,09,Middlesex,007
ILVE,United States,Connecticut,09,New Haven,009
ILVE,United States,Connecticut,09,New London,011
ILVE,United States,Connecticut,09,Tolland,013
ILVE,United States,Connecticut,09,Windham,015
ILVE,Canada,Quebec,10,,
ILVE,United States,Delaware,10,,
ILVE,United States,Delaware,10,New Castle,003
ILVE,United States,District of Columbia,11,,
ILVE,United States,District of Columbia,11,District of Columbia,001
ILVE,United States,Florida,12,,
ILVE,United States,Florida,12,Escambia,033
ILVE,United States,Florida,12,Holmes,059
ILVE,United States,Florida,12,Liberty,077
ILVE,United States,Florida,12,Okaloosa,091
ILVE,United States,Florida,12,Wakulla,129
ILVE,United States,Florida,12,Washington,133
ILVE,United States,Georgia,13,,
ILVE,United States,Georgia,13,Barrow,013
ILVE,United States,Georgia,13,Bartow,015
ILVE,United States,Georgia,13,Bibb,021
ILVE,United States,Georgia,13,Carroll,045
ILVE,United States,Georgia,13,Clarke,059
ILVE,United States,Georgia,13,Clayton,063
ILVE,United States,Georgia,13,Dawson,085
ILVE,United States,Georgia,13,Early,099
ILVE,United States,Georgia,13,Forsyth,117
ILVE,United States,Georgia,13,Gwinnett,135
ILVE,United States,Georgia,13,Hall,139
ILVE,United States,Georgia,13,Harris,145
ILVE,United States,Georgia,13,Lamar,171
ILVE,United States,Georgia,13,Marion,197
ILVE,United States,Georgia,13,Meriwether,199
ILVE,United States,Georgia,13,Oglethorpe,221
ILVE,United States,Georgia,13,Pickens,227
ILVE,United States,Georgia,13,Rabun,241
ILVE,United States,Georgia,13,Rockdale,247
ILVE,United States,Georgia,13,Walton,297
ILVE,United States,Illinois,17,,
ILVE,United States,Illinois,17,Clark,023
ILVE,United States,Illinois,17,Cook,031
ILVE,United States,Illinois,17,DuPage,043
ILVE,United States,Illinois,17,Grundy,063
ILVE,United States,Illinois,17,Iroquois,075
ILVE,United States,Illinois,17,Johnson,087
ILVE,United States,Illinois,17,Kankakee,091
ILVE,United States,Illinois,17,Lake,097
ILVE,United States,Illinois,17,LaSalle,099
ILVE,United States,Illinois,17,Lawrence,101
ILVE,United States,Illinois,17,Lee,103
ILVE,United States,Illinois,17,McHenry,111
ILVE,United States,Illinois,17,Ogle,141
ILVE,United States,Illinois,17,Pope,151
ILVE,United States,Illinois,17,Saline,165
ILVE,United States,Illinois,17,Union,181
ILVE,United States,Illinois,17,Wabash,185
ILVE,United States,Illinois,17,Will,197
ILVE,United States,Illinois,17,Winnebago,201
ILVE,United States,Indiana,18,,
ILVE,United States,Indiana,18,Adams,001
ILVE,United States,Indiana,18,Allen,003
ILVE,United States,Indiana,18,Bartholomew,005
ILVE,United States,Indiana,18,Clay,021
ILVE,United States,Indiana,18,Crawford,025
ILVE,United States,Indiana,18,Daviess,027
ILVE,United States,Indiana,18,Decatur,031
ILVE,United States,Indiana,18,DeKalb,033
ILVE,United States,Indiana,18,Delaware,035
ILVE,United States,Indiana,18,Dubois,037
ILVE,United States,Indiana,18,Elkhart,039
ILVE,United States,Indiana,18,Fountain,045
ILVE,United States,Indiana,18,Franklin,047
ILVE,United States,Indiana,18,Fulton,049
ILVE,United States,Indiana,18,Grant,053
ILVE,United States,Indiana,18,Hamilton,057
ILVE,United States,Indiana,18,Harrison,061
ILVE,United States,Indiana,18,Hendricks,063
ILVE,United States,Indiana,18,Henry,065
ILVE,United States,Indiana,18,Howard,067
ILVE,United States,Indiana,18,Huntington,069
ILVE,United States,Indiana,18,Jackson,071
ILVE,United States,Indiana,18,Jasper,073
ILVE,United States,Indiana,18,Jefferson,077
ILVE,United States,Indiana,18,Jennings,079
ILVE,United States,Indiana,18,Kosciusko,085
ILVE,United States,Indiana,18,Lagrange,087
ILVE,United States,Indiana,18,Lake,089
ILVE,United States,Indiana,18,LaPorte,091
ILVE,United States,Indiana,18,Lawrence,093
ILVE,United States,Indiana,18,Marion,097
ILVE,United States,Indiana,18,Marshall,099
ILVE,United States,Indiana,18,Monroe,105
ILVE,United States,Indiana,18,Montgomery,107
ILVE,United States,Indiana,18,Newton,111
ILVE,United States,Indiana,18,Noble,113
ILVE,United States,Indiana,18,Owen,119
ILVE,United States,Indiana,18,Parke,121
ILVE,United States,Indiana,18,Porter,127
ILVE,United States,Indiana,18,Posey,129
ILVE,United States,Indiana,18,Pulaski,131
ILVE,United States,Indiana,18,Randolph,135
ILVE,United States,Indiana,18,Ripley,137
ILVE,United States,Indiana,18,Scott,143
ILVE,United States,Indiana,18,St. Joseph,141
ILVE,United States,Indiana,18,Starke,149
ILVE,United States,Indiana,18,Steuben,151
ILVE,United States,Indiana,18,Sullivan,153
ILVE,United States,Indiana,18,Switzerland,155
ILVE,United States,Indiana,18,Tippecanoe,157
ILVE,United States,Indiana,18,Wayne,177
ILVE,United States,Indiana,18,Wells,179
ILVE,United States,Indiana,18,White,181
ILVE,United States,Indiana,18,Whitley,183
ILVE,United States,Iowa,19,,
ILVE,United States,Kentucky,21,,
ILVE,United States,Kentucky,21,Adair,001
ILVE,United States,Kentucky,21,Bath,011
ILVE,United States,Kentucky,21,Calloway,035
ILVE,United States,Kentucky,21,Casey,045
ILVE,United States,Kentucky,21,Clinton,053
ILVE,United States,Kentucky,21,Edmonson,061
ILVE,United States,Kentucky,21,Estill,065
ILVE,United States,Kentucky,21,Fleming,069
ILVE,United States,Kentucky,21,Graves,083
ILVE,United States,Kentucky,21,Hardin,093
ILVE,United States,Kentucky,21,Jackson,109
ILVE,United States,Kentucky,21,Jefferson,111
ILVE,United States,Kentucky,21,Knox,121
ILVE,United States,Kentucky,21,Laurel,125
ILVE,United States,Kentucky,21,Lee,129
ILVE,United States,Kentucky,21,Lewis,135
ILVE,United States,Kentucky,21,Lincoln,137
ILVE,United States,Kentucky,21,Madison,151
ILVE,United States,Kentucky,21,McCreary,147
ILVE,United States,Kentucky,21,Menifee,165
ILVE,United States,Kentucky,21,Metcalfe,169
ILVE,United States,Kentucky,21,Montgomery,173
ILVE,United States,Kentucky,21,Nelson,179
ILVE,United States,Kentucky,21,Owen,187
ILVE,United States,Kentucky,21,Owsley,189
ILVE,United States,Kentucky,21,Pike,195
ILVE,United States,Kentucky,21,Powell,197
ILVE,United States,Kentucky,21,Pulaski,199
ILVE,United States,Kentucky,21,Rockcastle,203
ILVE,United States,Kentucky,21,Rowan,205
ILVE,United States,Kentucky,21,Russell,207
ILVE,United States,Kentucky,21,Warren,227
ILVE,United States,Kentucky,21,Whitley,235
ILVE,United States,Kentucky,21,Wolfe,237
ILVE,United States,Louisiana,22,,
ILVE,United States,Louisiana,22,Bienville,013
ILVE,United States,Louisiana,22,De Soto,031
ILVE,United States,Louisiana,22,East Feliciana,037
ILVE,United States,Louisiana,22,Evangeline,039
ILVE,United States,Louisiana,22,Livingston,063
ILVE,United States,Louisiana,22,Natchitoches,069
ILVE,United States,Louisiana,22,Rapides,079
ILVE,United States,Louisiana,22,St. Charles,089
ILVE,United States,Louisiana,22,St. Helena,091
ILVE,United States,Louisiana,22,St. John the Baptist,095
ILVE,United States,Louisiana,22,St. Mary,101
ILVE,United States,Louisiana,22,St. Tammany,103
ILVE,United States,Louisiana,22,Tangipahoa,105
ILVE,United States,Louisiana,22,Union,111
ILVE,United States,Louisiana,22,Washington,117
ILVE,United States,Louisiana,22,West Feliciana,125
ILVE,United States,Maine,23,,
ILVE,United States,Maine,23,Androscoggin,001
ILVE,United States,Maine,23,Aroostook,003
ILVE,United States,Maine,23,Cumberland,005
ILVE,United States,Maine,23,Franklin,007
ILVE,United States,Maine,23,Hancock,009
ILVE,United States,Maine,23,Kennebec,011
ILVE,United States,Maine,23,Knox,013
ILVE,United States,Maine,23,Lincoln,015
ILVE,United States,Maine,23,Oxford,017
ILVE,United States,Maine,23,Penobscot,019
ILVE,United States,Maine,23,Piscataquis,021
ILVE,United States,Maine,23,Sagadahoc,023
ILVE,United States,Maine,23,Somerset,025
ILVE,United States,Maine,23,Waldo,027
ILVE,United States,Maine,23,Washington,029
ILVE,United States,Maine,23,York,031
ILVE,United States,Maryland,24,,
ILVE,United States,Maryland,24,Queen Anne's,035
ILVE,United States,Maryland,24,Worcester,047
ILVE,United States,Massachusetts,25,,
ILVE,United States,Massachusetts,25,Barnstable,001
ILVE,United States,Massachusetts,25,Berkshire,003
ILVE,United States,Massachusetts,25,Bristol,005
ILVE,United States,Massachusetts,25,Dukes,007
ILVE,United States,Massachusetts,25,Essex,009
ILVE,United States,Massachusetts,25,Franklin,011
ILVE,United States,Massachusetts,25,Hampden,013
ILVE,United States,Massachusetts,25,Hampshire,015
ILVE,United States,Massachusetts,25,Middlesex,017
ILVE,United States,Massachusetts,25,Nantucket,019
ILVE,United States,Massachusetts,25,Norfolk,021
ILVE,United States,Massachusetts,25,Plymouth,023
ILVE,United States,Massachusetts,25,Suffolk,025
ILVE,United States,Massachusetts,25,Worcester,027
ILVE,United States,Michigan,26,,
ILVE,United States,Michigan,26,Alger,003
ILVE,United States,Michigan,26,Allegan,005
ILVE,United States,Michigan,26,Alpena,007
ILVE,United States,Michigan,26,Antrim,009
ILVE,United States,Michigan,26,Arenac,011
ILVE,United States,Michigan,26,Baraga,013
ILVE,United States,Michigan,26,Barry,015
ILVE,United States,Michigan,26,Bay,017
ILVE,United States,Michigan,26,Benzie,019
ILVE,United States,Michigan,26,Berrien,021
ILVE,United States,Michigan,26,Calhoun,025
ILVE,United States,Michigan,26,Cass,027
ILVE,United States,Michigan,26,Charlevoix,029
ILVE,United States,Michigan,26,Cheboygan,031
ILVE,United States,Michigan,26,Chippewa,033
ILVE,United States,Michigan,26,Clare,035
ILVE,United States,Michigan,26,Clinton,037
ILVE,United States,Michigan,26,Delta,041
ILVE,United States,Michigan,26,Eaton,045
ILVE,United States,Michigan,26,Emmet,047
ILVE,United States,Michigan,26,Gladwin,051
ILVE,United States,Michigan,26,Gogebic,053
ILVE,United States,Michigan,26,Grand Traverse,055
ILVE,United States,Michigan,26,Gratiot,057
ILVE,United States,Michigan,26,Houghton,061
ILVE,United States,Michigan,26,Huron,063
ILVE,United States,Michigan,26,Ingham,065
ILVE,United States,Michigan,26,Iosco,069
ILVE,United States,Michigan,26,Iron,071
ILVE,United States,Michigan,26,Isabella,073
ILVE,United States,Michigan,26,Jackson,075
ILVE,United States,Michigan,26,Kalamazoo,077
ILVE,United States,Michigan,26,Kalkaska,079
ILVE,United States,Michigan,26,Kent,081
ILVE,United States,Michigan,26,Keweenaw,083
ILVE,United States,Michigan,26,Lake,085
ILVE,United States,Michigan,26,Lapeer,087
ILVE,United States,Michigan,26,Leelanau,089
ILVE,United States,Michigan,26,Livingston,093
ILVE,United States,Michigan,26,Mackinac,097
ILVE,United States,Michigan,26,Macomb,099
ILVE,United States,Michigan,26,Manistee,101
ILVE,United States,Michigan,26,Marquette,103
ILVE,United States,Michigan,26,Mason,105
ILVE,United States,Michigan,26,Mecosta,107
ILVE,United States,Michigan,26,Menominee,109
ILVE,United States,Michigan,26,Midland,111
ILVE,United States,Michigan,26,Missaukee,113
ILVE,United States,Michigan,26,Montcalm,117
ILVE,United States,Michigan,26,Muskegon,121
ILVE,United States,Michigan,26,Newaygo,123
ILVE,United States,Michigan,26,Oakland,125
ILVE,United States,Michigan,26,Oceana,127
ILVE,United States,Michigan,26,Ogemaw,129
ILVE,United States,Michigan,26,Ontonagon,131
ILVE,United States,Michigan,26,Osceola,133
ILVE,United States,Michigan,26,Oscoda,135
ILVE,United States,Michigan,26,Otsego,137
ILVE,United States,Michigan,26,Ottawa,139
ILVE,United States,Michigan,26,Presque Isle,141
ILVE,United States,Michigan,26,Roscommon,143
ILVE,United States,Michigan,26,Schoolcraft,153
ILVE,United States,Michigan,26,Shiawassee,155
ILVE,United States,Michigan,26,St. Clair,147
ILVE,United States,Michigan,26,St. Joseph,149
ILVE,United States,Michigan,26,Tuscola,157
ILVE,United States,Michigan,26,Van Buren,159
ILVE,United States,Michigan,26,Washtenaw,161
ILVE,United States,Michigan,26,Wayne,163
ILVE,United States,Michigan,26,Wexford,165
ILVE,United States,Minnesota,27,,
ILVE,United States,Minnesota,27,Aitkin,001
ILVE,United States,Minnesota,27,Anoka,003
ILVE,United States,Minnesota,27,Benton,009
ILVE,United States,Minnesota,27,Carlton,017
ILVE,United States,Minnesota,27,Cass,021
ILVE,United States,Minnesota,27,Chisago,025
ILVE,United States,Minnesota,27,Crow Wing,035
ILVE,United States,Minnesota,27,Dakota,037
ILVE,United States,Minnesota,27,Fillmore,045
ILVE,United States,Minnesota,27,Goodhue,049
ILVE,United States,Minnesota,27,Hennepin,053
ILVE,United States,Minnesota,27,Houston,055
ILVE,United States,Minnesota,27,Isanti,059
ILVE,United States,Minnesota,27,Itasca,061
ILVE,United States,Minnesota,27,Kanabec,065
ILVE,United States,Minnesota,27,Lake,075
ILVE,United States,Minnesota,27,Mille Lacs,095
ILVE,United States,Minnesota,27,Morrison,097
ILVE,United States,Minnesota,27,Mower,099
ILVE,United States,Minnesota,27,Pine,115
ILVE,United States,Minnesota,27,Ramsey,123
ILVE,United States,Minnesota,27,Rice,131
ILVE,United States,Minnesota,27,Sherburne,141
ILVE,United States,Minnesota,27,St. Louis,137
ILVE,United States,Minnesota,27,Stearns,145
ILVE,United States,Minnesota,27,Wabasha,157
ILVE,United States,Minnesota,27,Washington,163
ILVE,United States,Minnesota,27,Wright,171
ILVE,United States,Mississippi,28,,
ILVE,United States,Mississippi,28,Amite,005
ILVE,United States,Mississippi,28,Calhoun,013
ILVE,United States,Mississippi,28,Forrest,035
ILVE,United States,Mississippi,28,Lafayette,071
ILVE,United States,Mississippi,28,Madison,089
ILVE,United States,Mississippi,28,Marshall,093
ILVE,United States,Mississippi,28,Pike,113
ILVE,United States,Mississippi,28,Scott,123
ILVE,United States,Mississippi,28,Tishomingo,141
ILVE,United States,Missouri,29,,
ILVE,United States,Missouri,29,Iron,093
ILVE,United States,Missouri,29,Madison,123
ILVE,United States,Missouri,29,Reynolds,179
ILVE,United States,Missouri,29,St. Francois,187
ILVE,United States,Missouri,29,Ste. Genevieve,186
ILVE,United States,New Hampshire,33,,
ILVE,United States,New Hampshire,33,Belknap,001
ILVE,United States,New Hampshire,33,Carroll,003
ILVE,United States,New Hampshire,33,Cheshire,005
ILVE,United States,New Hampshire,33,Coos,007
ILVE,United States,New Hampshire,33,Grafton,009
ILVE,United States,New Hampshire,33,Hillsborough,011
ILVE,United States,New Hampshire,33,Merrimack,013
ILVE,United States,New Hampshire,33,Rockingham,015
ILVE,United States,New Hampshire,33,Strafford,017
ILVE,United States,New Hampshire,33,Sullivan,019
ILVE,United States,New Jersey,34,,
ILVE,United States,New Jersey,34,Atlantic,001
ILVE,United States,New Jersey,34,Bergen,003
ILVE,United States,New Jersey,34,Burlington,005
ILVE,United States,New Jersey,34,Camden,007
ILVE,United States,New Jersey,34,Cape May,009
ILVE,United States,New Jersey,34,Cumberland,011
ILVE,United States,New Jersey,34,Essex,013
ILVE,United States,New Jersey,34,Gloucester,015
ILVE,United States,New Jersey,34,Hudson,017
ILVE,United States,New Jersey,34,Hunterdon,019
ILVE,United States,New Jersey,34,Mercer,021
ILVE,United States,New Jersey,34,Middlesex,023
ILVE,United States,New Jersey,34,Monmouth,025
ILVE,United States,New Jersey,34,Morris,027
ILVE,United States,New Jersey,34,Ocean,029
ILVE,United States,New Jersey,34,Passaic,031
ILVE,United States,New Jersey,34,Salem,033
ILVE,United States,New Jersey,34,Somerset,035
ILVE,United States,New Jersey,34,Sussex,037
ILVE,United States,New Jersey,34,Union,039
ILVE,United States,New Jersey,34,Warren,041
ILVE,United States,New York,36,,
ILVE,United States,New York,36,Albany,001
ILVE,United States,New York,36,Bronx,005
ILVE,United States,New York,36,Broome,007
ILVE,United States,New York,36,Cattaraugus,009
ILVE,United States,New York,36,Chautauqua,013
ILVE,United States,New York,36,Chemung,015
ILVE,United States,New York,36,Chenango,017
ILVE,United States,New York,36,Clinton,019
ILVE,United States,New York,36,Columbia,021
ILVE,United States,New York,36,Cortland,023
ILVE,United States,New York,36,Delaware,025
ILVE,United States,New York,36,Dutchess,027
ILVE,United States,New York,36,Erie,029
ILVE,United States,New York,36,Essex,031
ILVE,United States,New York,36,Genesee,037
ILVE,United States,New York,36,Greene,039
ILVE,United States,New York,36,Hamilton,041
ILVE,United States,New York,36,Herkimer,043
ILVE,United States,New York,36,Kings,047
ILVE,United States,New York,36,Lewis,049
ILVE,United States,New York,36,Madison,053
ILVE,United States,New York,36,Monroe,055
ILVE,United States,New York,36,Nassau,059
ILVE,United States,New York,36,New York,061
ILVE,United States,New York,36,Niagara,063
ILVE,United States,New York,36,Oneida,065
ILVE,United States,New York,36,Onondaga,067
ILVE,United States,New York,36,Ontario,069
ILVE,United States,New York,36,Orange,071
ILVE,United States,New York,36,Oswego,075
ILVE,United States,New York,36,Putnam,079
ILVE,United States,New York,36,Queens,081
ILVE,United States,New York,36,Rensselaer,083
ILVE,United States,New York,36,Richmond,085
ILVE,United States,New York,36,Rockland,087
ILVE,United States,New York,36,Saratoga,091
ILVE,United States,New York,36,Schenectady,093
ILVE,United States,New York,36,St. Lawrence,089
ILVE,United States,New York,36,Suffolk,103
ILVE,United States,New York,36,Sullivan,105
ILVE,United States,New York,36,Tioga,107
ILVE,United States,New York,36,Tompkins,109
ILVE,United States,New York,36,Ulster,111
ILVE,United States,New York,36,Warren,113
ILVE,United States,New York,36,Washington,115
ILVE,United States,New York,36,Westchester,119
ILVE,United States,New York,36,Wyoming,121
ILVE,United States,North Carolina,37,,
ILVE,United States,North Carolina,37,Alexander,003
ILVE,United States,North Carolina,37,Alleghany,005
ILVE,United States,North Carolina,37,Anson,007
ILVE,United States,North Carolina,37,Avery,011
ILVE,United States,North Carolina,37,Beaufort,013
ILVE,United States,North Carolina,37,Bertie,015
ILVE,United States,North Carolina,37,Bladen,017
ILVE,United States,North Carolina,37,Brunswick,019
ILVE,United States,North Carolina,37,Burke,023
ILVE,United States,North Carolina,37,Chatham,037
ILVE,United States,North Carolina,37,Cherokee,039
ILVE,United States,North Carolina,37,Chowan,041
ILVE,United States,North Carolina,37,Clay,043
ILVE,United States,North Carolina,37,Cleveland,045
ILVE,United States,North Carolina,37,Columbus,047
ILVE,United States,North Carolina,37,Davidson,057
ILVE,United States,North Carolina,37,Durham,063
ILVE,United States,North Carolina,37,Forsyth,067
ILVE,United States,North Carolina,37,Franklin,069
ILVE,United States,North Carolina,37,Gates,073
ILVE,United States,North Carolina,37,Graham,075
ILVE,United States,North Carolina,37,Granville,077
ILVE,United States,North Carolina,37,Guilford,081
ILVE,United States,North Carolina,37,Halifax,083
ILVE,United States,North Carolina,37,Harnett,085
ILVE,United States,North Carolina,37,Haywood,087
ILVE,United States,North Carolina,37,Henderson,089
ILVE,United States,North Carolina,37,Hertford,091
ILVE,United States,North Carolina,37,Iredell,097
ILVE,United States,North Carolina,37,Jackson,099
ILVE,United States,North Carolina,37,Johnston,101
ILVE,United States,North Carolina,37,Lee,105
ILVE,United States,North Carolina,37,Lincoln,109
ILVE,United States,North Carolina,37,Macon,113
ILVE,United States,North Carolina,37,Mitchell,121
ILVE,United States,North Carolina,37,Montgomery,123
ILVE,United States,North Carolina,37,Moore,125
ILVE,United States,North Carolina,37,Nash,127
ILVE,United States,North Carolina,37,Northampton,131
ILVE,United States,North Carolina,37,Orange,135
ILVE,United States,North Carolina,37,Pender,141
ILVE,United States,North Carolina,37,Pitt,147
ILVE,United States,North Carolina,37,Randolph,151
ILVE,United States,North Carolina,37,Robeson,155
ILVE,United States,North Carolina,37,Rockingham,157
ILVE,United States,North Carolina,37,Rowan,159
ILVE,United States,North Carolina,37,Stanly,167
ILVE,United States,North Carolina,37,Stokes,169
ILVE,United States,North Carolina,37,Surry,171
ILVE,United States,North Carolina,37,Swain,173
ILVE,United States,North Carolina,37,Transylvania,175
ILVE,United States,North Carolina,37,Union,179
ILVE,United States,North Carolina,37,Vance,181
ILVE,United States,North Carolina,37,Wake,183
ILVE,United States,North Carolina,37,Watauga,189
ILVE,United States,North Carolina,37,Wilkes,193
ILVE,United States,North Carolina,37,Yancey,199
ILVE,United States,Ohio,39,,
ILVE,United States,Ohio,39,Adams,001
ILVE,United States,Ohio,39,Allen,003
ILVE,United States,Ohio,39,Ashland,005
ILVE,United States,Ohio,39,Ashtabula,007
ILVE,United States,Ohio,39,Athens,009
ILVE,United States,Ohio,39,Auglaize,011
ILVE,United States,Ohio,39,Carroll,019
ILVE,United States,Ohio,39,Champaign,021
ILVE,United States,Ohio,39,Clermont,025
ILVE,United States,Ohio,39,Clinton,027
ILVE,United States,Ohio,39,Columbiana,029
ILVE,United States,Ohio,39,Coshocton,031
ILVE,United States,Ohio,39,Crawford,033
ILVE,United States,Ohio,39,Cuyahoga,035
ILVE,United States,Ohio,39,Defiance,039
ILVE,United States,Ohio,39,Delaware,041
ILVE,United States,Ohio,39,Erie,043
ILVE,United States,Ohio,39,Fairfield,045
ILVE,United States,Ohio,39,Franklin,049
ILVE,United States,Ohio,39,Fulton,051
ILVE,United States,Ohio,39,Gallia,053
ILVE,United States,Ohio,39,Geauga,055
ILVE,United States,Ohio,39,Hamilton,061
ILVE,United States,Ohio,39,Hancock,063
ILVE,United States,Ohio,39,Hardin,065
ILVE,United States,Ohio,39,Harrison,067
ILVE,United States,Ohio,39,Henry,069
ILVE,United States,Ohio,39,Highland,071
ILVE,United States,Ohio,39,Hocking,073
ILVE,United States,Ohio,39,Holmes,075
ILVE,United States,Ohio,39,Huron,077
ILVE,United States,Ohio,39,Jackson,079
ILVE,United States,Ohio,39,Knox,083
ILVE,United States,Ohio,39,Lake,085
ILVE,United States,Ohio,39,Lawrence,087
ILVE,United States,Ohio,39,Licking,089
ILVE,United States,Ohio,39,Logan,091
ILVE,United States,Ohio,39,Lorain,093
ILVE,United States,Ohio,39,Lucas,095
ILVE,United States,Ohio,39,Mahoning,099
ILVE,United States,Ohio,39,Marion,101
ILVE,United States,Ohio,39,Medina,103
ILVE,United States,Ohio,39,Meigs,105
ILVE,United States,Ohio,39,Morrow,117
ILVE,United States,Ohio,39,Muskingum,119
ILVE,United States,Ohio,39,Ottawa,123
ILVE,United States,Ohio,39,Paulding,125
ILVE,United States,Ohio,39,Perry,127
ILVE,United States,Ohio,39,Pickaway,129
ILVE,United States,Ohio,39,Pike,131
ILVE,United States,Ohio,39,Portage,133
ILVE,United States,Ohio,39,Putnam,137
ILVE,United States,Ohio,39,Richland,139
ILVE,United States,Ohio,39,Ross,141
ILVE,United States,Ohio,39,Sandusky,143
ILVE,United States,Ohio,39,Scioto,145
ILVE,United States,Ohio,39,Seneca,147
ILVE,United States,Ohio,39,Shelby,149
ILVE,United States,Ohio,39,Stark,151
ILVE,United States,Ohio,39,Summit,153
ILVE,United States,Ohio,39,Trumbull,155
ILVE,United States,Ohio,39,Tuscarawas,157
ILVE,United States,Ohio,39,Union,159
ILVE,United States,Ohio,39,Vinton,163
ILVE,United States,Ohio,39,Warren,165
ILVE,United States,Ohio,39,Wayne,169
ILVE,United States,Ohio,39,Williams,171
ILVE,United States,Ohio,39,Wood,173
ILVE,United States,Ohio,39,Wyandot,175
ILVE,United States,Pennsylvania,42,,
ILVE,United States,Pennsylvania,42,Adams,001
ILVE,United States,Pennsylvania,42,Allegheny,003
ILVE,United States,Pennsylvania,42,Beaver,007
ILVE,United States,Pennsylvania,42,Bedford,009
ILVE,United States,Pennsylvania,42,Berks,011
ILVE,United States,Pennsylvania,42,Blair,013
ILVE,United States,Pennsylvania,42,Bradford,015
ILVE,United States,Pennsylvania,42,Bucks,017
ILVE,United States,Pennsylvania,42,Butler,019
ILVE,United States,Pennsylvania,42,Cambria,021
ILVE,United States,Pennsylvania,42,Cameron,023
ILVE,United States,Pennsylvania,42,Carbon,025
ILVE,United States,Pennsylvania,42,Centre,027
ILVE,United States,Pennsylvania,42,Chester,029
ILVE,United States,Pennsylvania,42,Clarion,031
ILVE,United States,Pennsylvania,42,Clearfield,033
ILVE,United States,Pennsylvania,42,Clinton,035
ILVE,United States,Pennsylvania,42,Columbia,037
ILVE,United States,Pennsylvania,42,Crawford,039
ILVE,United States,Pennsylvania,42,Cumberland,041
ILVE,United States,Pennsylvania,42,Dauphin,043
ILVE,United States,Pennsylvania,42,Delaware,045
ILVE,United States,Pennsylvania,42,Elk,047
ILVE,United States,Pennsylvania,42,Erie,049
ILVE,United States,Pennsylvania,42,Fayette,051
ILVE,United States,Pennsylvania,42,Forest,053
ILVE,United States,Pennsylvania,42,Franklin,055
ILVE,United States,Pennsylvania,42,Fulton,057
ILVE,United States,Pennsylvania,42,Greene,059
ILVE,United States,Pennsylvania,42,Huntingdon,061
ILVE,United States,Pennsylvania,42,Indiana,063
ILVE,United States,Pennsylvania,42,Jefferson,065
ILVE,United States,Pennsylvania,42,Juniata,067
ILVE,United States,Pennsylvania,42,Lackawanna,069
ILVE,United States,Pennsylvania,42,Lancaster,071
ILVE,United States,Pennsylvania,42,Lawrence,073
ILVE,United States,Pennsylvania,42,Lebanon,075
ILVE,United States,Pennsylvania,42,Lehigh,077
ILVE,United States,Pennsylvania,42,Luzerne,079
ILVE,United States,Pennsylvania,42,Lycoming,081
ILVE,United States,Pennsylvania,42,McKean,083
ILVE,United States,Pennsylvania,42,Mercer,085
ILVE,United States,Pennsylvania,42,Mifflin,087
ILVE,United States,Pennsylvania,42,Monroe,089
ILVE,United States,Pennsylvania,42,Montgomery,091
ILVE,United States,Pennsylvania,42,Montour,093
ILVE,United States,Pennsylvania,42,Northampton,095
ILVE,United States,Pennsylvania,42,Northumberland,097
ILVE,United States,Pennsylvania,42,Perry,099
ILVE,United States,Pennsylvania,42,Philadelphia,101
ILVE,United States,Pennsylvania,42,Pike,103
ILVE,United States,Pennsylvania,42,Schuylkill,107
ILVE,United States,Pennsylvania,42,Snyder,109
ILVE,United States,Pennsylvania,42,Somerset,111
ILVE,United States,Pennsylvania,42,Sullivan,113
ILVE,United States,Pennsylvania,42,Susquehanna,115
ILVE,United States,Pennsylvania,42,Tioga,117
ILVE,United States,Pennsylvania,42,Union,119
ILVE,United States,Pennsylvania,42,Venango,121
ILVE,United States,Pennsylvania,42,Warren,123
ILVE,United States,Pennsylvania,42,Washington,125
ILVE,United States,Pennsylvania,42,Wayne,127
ILVE,United States,Pennsylvania,42,Westmoreland,129
ILVE,United States,Pennsylvania,42,York,133
ILVE,United States,Rhode Island,44,,
ILVE,United States,Rhode Island,44,Bristol,001
ILVE,United States,Rhode Island,44,Kent,003
ILVE,United States,Rhode Island,44,Newport,005
ILVE,United States,Rhode Island,44,Providence,007
ILVE,United States,Rhode Island,44,Washington,009
ILVE,United States,South Carolina,45,,
ILVE,United States,South Carolina,45,Allendale,005
ILVE,United States,South Carolina,45,Barnwell,011
ILVE,United States,South Carolina,45,Berkeley,015
ILVE,United States,South Carolina,45,Calhoun,017
ILVE,United States,South Carolina,45,Clarendon,027
ILVE,United States,South Carolina,45,Georgetown,043
ILVE,United States,South Carolina,45,Greenwood,047
ILVE,United States,South Carolina,45,Jasper,053
ILVE,United States,South Carolina,45,Kershaw,055
ILVE,United States,South Carolina,45,Lancaster,057
ILVE,United States,South Carolina,45,Marion,067
ILVE,United States,South Carolina,45,Oconee,073
ILVE,United States,South Carolina,45,Richland,079
ILVE,United States,South Carolina,45,Spartanburg,083
ILVE,United States,South Carolina,45,Williamsburg,089
ILVE,United States,South Carolina,45,York,091
ILVE,United States,Tennessee,47,,
ILVE,United States,Tennessee,47,Anderson,001
ILVE,United States,Tennessee,47,Benton,005
ILVE,United States,Tennessee,47,Blount,009
ILVE,United States,Tennessee,47,Carroll,017
ILVE,United States,Tennessee,47,Carter,019
ILVE,United States,Tennessee,47,Chester,023
ILVE,United States,Tennessee,47,Coffee,031
ILVE,United States,Tennessee,47,Cumberland,035
ILVE,United States,Tennessee,47,Fentress,049
ILVE,United States,Tennessee,47,Grundy,061
ILVE,United States,Tennessee,47,Hamilton,065
ILVE,United States,Tennessee,47,Hardeman,069
ILVE,United States,Tennessee,47,Hardin,071
ILVE,United States,Tennessee,47,Henry,079
ILVE,United States,Tennessee,47,Johnson,091
ILVE,United States,Tennessee,47,Lincoln,103
ILVE,United States,Tennessee,47,Marion,115
ILVE,United States,Tennessee,47,McNairy,109
ILVE,United States,Tennessee,47,Monroe,123
ILVE,United States,Tennessee,47,Morgan,129
ILVE,United States,Tennessee,47,Polk,139
ILVE,United States,Tennessee,47,Putnam,141
ILVE,United States,Tennessee,47,Rhea,143
ILVE,United States,Tennessee,47,Scott,151
ILVE,United States,Tennessee,47,Sequatchie,153
ILVE,United States,Tennessee,47,Shelby,157
ILVE,United States,Tennessee,47,Sumner,165
ILVE,United States,Tennessee,47,Unicoi,171
ILVE,United States,Tennessee,47,Warren,177
ILVE,United States,Tennessee,47,Wayne,181
ILVE,United States,Tennessee,47,Weakley,183
ILVE,United States,Tennessee,47,White,185
ILVE,United States,Texas,48,,
ILVE,United States,Texas,48,Orange,361
ILVE,United States,Vermont,50,,
ILVE,United States,Vermont,50,Addison,001
ILVE,United States,Vermont,50,Bennington,003
ILVE,United States,Vermont,50,Chittenden,007
ILVE,United States,Vermont,50,Essex,009
ILVE,United States,Vermont,50,Franklin,011
ILVE,United States,Vermont,50,Grand Isle,013
ILVE,United States,Vermont,50,Orleans,019
ILVE,United States,Vermont,50,Rutland,021
ILVE,United States,Vermont,50,Windham,025
ILVE,United States,Vermont,50,Windsor,027
ILVE,United States,Virginia,51,,
ILVE,United States,Virginia,51,Accomack,001
ILVE,United States,Virginia,51,Albemarle,003
ILVE,United States,Virginia,51,Alleghany,005
ILVE,United States,Virginia,51,Amelia,007
ILVE,United States,Virginia,51,Amherst,009
ILVE,United States,Virginia,51,Appomattox,011
ILVE,United States,Virginia,51,Arlington,013
ILVE,United States,Virginia,51,Augusta,015
ILVE,United States,Virginia,51,Bath,017
ILVE,United States,Virginia,51,Bedford,019
ILVE,United States,Virginia,51,Botetourt,023
ILVE,United States,Virginia,51,Brunswick,025
ILVE,United States,Virginia,51,Buckingham,029
ILVE,United States,Virginia,51,Campbell,031
ILVE,United States,Virginia,51,Caroline,033
ILVE,United States,Virginia,51,Carroll,035
ILVE,United States,Virginia,51,Charles City,036
ILVE,United States,Virginia,51,Charlotte,037
ILVE,United States,Virginia,51,Chesapeake ,550
ILVE,United States,Virginia,51,Chesterfield,041
ILVE,United States,Virginia,51,Clarke,043
ILVE,United States,Virginia,51,Craig,045
ILVE,United States,Virginia,51,Culpeper,047
ILVE,United States,Virginia,51,Cumberland,049
ILVE,United States,Virginia,51,Dickenson,051
ILVE,United States,Virginia,51,Dinwiddie,053
ILVE,United States,Virginia,51,Essex,057
ILVE,United States,Virginia,51,Fairfax,059
ILVE,United States,Virginia,51,Fauquier,061
ILVE,United States,Virginia,51,Floyd,063
ILVE,United States,Virginia,51,Fluvanna,065
ILVE,United States,Virginia,51,Franklin,067
ILVE,United States,Virginia,51,Frederick,069
ILVE,United States,Virginia,51,Giles,071
ILVE,United States,Virginia,51,Gloucester,073
ILVE,United States,Virginia,51,Goochland,075
ILVE,United States,Virginia,51,Grayson,077
ILVE,United States,Virginia,51,Greene,079
ILVE,United States,Virginia,51,Greensville,081
ILVE,United States,Virginia,51,Hanover,085
ILVE,United States,Virginia,51,Henrico,087
ILVE,United States,Virginia,51,Henry,089
ILVE,United States,Virginia,51,Highland,091
ILVE,United States,Virginia,51,Isle of Wight,093
ILVE,United States,Virginia,51,James City,095
ILVE,United States,Virginia,51,King and Queen,097
ILVE,United States,Virginia,51,King George,099
ILVE,United States,Virginia,51,King William,101
ILVE,United States,Virginia,51,Lancaster,103
ILVE,United States,Virginia,51,Loudoun,107
ILVE,United States,Virginia,51,Louisa,109
ILVE,United States,Virginia,51,Lunenburg,111
ILVE,United States,Virginia,51,Madison,113
ILVE,United States,Virginia,51,Mathews,115
ILVE,United States,Virginia,51,Mecklenburg,117
ILVE,United States,Virginia,51,Middlesex,119
ILVE,United States,Virginia,51,Montgomery,121
ILVE,United States,Virginia,51,Nelson,125
ILVE,United States,Virginia,51,New Kent,127
ILVE,United States,Virginia,51,Newport News ,700
ILVE,United States,Virginia,51,Northampton,131
ILVE,United States,Virginia,51,Northumberland,133
ILVE,United States,Virginia,51,Nottoway,135
ILVE,United States,Virginia,51,Orange,137
ILVE,United States,Virginia,51,Page,139
ILVE,United States,Virginia,51,Patrick,141
ILVE,United States,Virginia,51,Pittsylvania,143
ILVE,United States,Virginia,51,Powhatan,145
ILVE,United States,Virginia,51,Prince Edward,147
ILVE,United States,Virginia,51,Prince George,149
ILVE,United States,Virginia,51,Prince William,153
ILVE,United States,Virginia,51,Pulaski,155
ILVE,United States,Virginia,51,Rappahannock,157
ILVE,United States,Virginia,51,Richmond,159
ILVE,United States,Virginia,51,Roanoke,161
ILVE,United States,Virginia,51,Rockbridge,163
ILVE,United States,Virginia,51,Rockingham,165
ILVE,United States,Virginia,51,Scott,169
ILVE,United States,Virginia,51,Shenandoah,171
ILVE,United States,Virginia,51,Smyth,173
ILVE,United States,Virginia,51,Southampton,175
ILVE,United States,Virginia,51,Spotsylvania,177
ILVE,United States,Virginia,51,Stafford,179
ILVE,United States,Virginia,51,Suffolk ,800
ILVE,United States,Virginia,51,Surry,181
ILVE,United States,Virginia,51,Sussex,183
ILVE,United States,Virginia,51,Tazewell,185
ILVE,United States,Virginia,51,Virginia Beach ,810
ILVE,United States,Virginia,51,Washington,191
ILVE,United States,Virginia,51,Westmoreland,193
ILVE,United States,Virginia,51,Wise,195
ILVE,United States,Virginia,51,Wythe,197
ILVE,United States,West Virginia,54,,
ILVE,United States,West Virginia,54,Barbour,001
ILVE,United States,West Virginia,54,Braxton,007
ILVE,United States,West Virginia,54,Fayette,019
ILVE,United States,West Virginia,54,Grant,023
ILVE,United States,West Virginia,54,Greenbrier,025
ILVE,United States,West Virginia,54,Hampshire,027
ILVE,United States,West Virginia,54,Marion,049
ILVE,United States,West Virginia,54,Mason,053
ILVE,United States,West Virginia,54,Mercer,055
ILVE,United States,West Virginia,54,Mineral,057
ILVE,United States,West Virginia,54,Monongalia,061
ILVE,United States,West Virginia,54,Morgan,065
ILVE,United States,West Virginia,54,Nicholas,067
ILVE,United States,West Virginia,54,Pendleton,071
ILVE,United States,West Virginia,54,Pocahontas,075
ILVE,United States,West Virginia,54,Preston,077
ILVE,United States,West Virginia,54,Putnam,079
ILVE,United States,West Virginia,54,Raleigh,081
ILVE,United States,West Virginia,54,Randolph,083
ILVE,United States,West Virginia,54,Summers,089
ILVE,United States,West Virginia,54,Taylor,091
ILVE,United States,West Virginia,54,Tucker,093
ILVE,United States,West Virginia,54,Upshur,097
ILVE,United States,West Virginia,54,Webster,101
ILVE,United States,West Virginia,54,Wyoming,109
ILVE,United States,Wisconsin,55,,
ILVE,United States,Wisconsin,55,Adams,001
ILVE,United States,Wisconsin,55,Ashland,003
ILVE,United States,Wisconsin,55,Bayfield,007
ILVE,United States,Wisconsin,55,Brown,009
ILVE,United States,Wisconsin,55,Buffalo,011
ILVE,United States,Wisconsin,55,Chippewa,017
ILVE,United States,Wisconsin,55,Clark,019
ILVE,United States,Wisconsin,55,Columbia,021
ILVE,United States,Wisconsin,55,Dane,025
ILVE,United States,Wisconsin,55,Dodge,027
ILVE,United States,Wisconsin,55,Door,029
ILVE,United States,Wisconsin,55,Douglas,031
ILVE,United States,Wisconsin,55,Dunn,033
ILVE,United States,Wisconsin,55,Eau Claire,035
ILVE,United States,Wisconsin,55,Florence,037
ILVE,United States,Wisconsin,55,Fond du Lac,039
ILVE,United States,Wisconsin,55,Forest,041
ILVE,United States,Wisconsin,55,Grant,043
ILVE,United States,Wisconsin,55,Green,045
ILVE,United States,Wisconsin,55,Iowa,049
ILVE,United States,Wisconsin,55,Iron,051
ILVE,United States,Wisconsin,55,Jackson,053
ILVE,United States,Wisconsin,55,Jefferson,055
ILVE,United States,Wisconsin,55,La Crosse,063
ILVE,United States,Wisconsin,55,Lafayette,065
ILVE,United States,Wisconsin,55,Langlade,067
ILVE,United States,Wisconsin,55,Lincoln,069
ILVE,United States,Wisconsin,55,Manitowoc,071
ILVE,United States,Wisconsin,55,Marathon,073
ILVE,United States,Wisconsin,55,Marinette,075
ILVE,United States,Wisconsin,55,Marquette,077
ILVE,United States,Wisconsin,55,Menominee,078
ILVE,United States,Wisconsin,55,Milwaukee,079
ILVE,United States,Wisconsin,55,Monroe,081
ILVE,United States,Wisconsin,55,Oconto,083
ILVE,United States,Wisconsin,55,Oneida,085
ILVE,United States,Wisconsin,55,Outagamie,087
ILVE,United States,Wisconsin,55,Ozaukee,089
ILVE,United States,Wisconsin,55,Polk,095
ILVE,United States,Wisconsin,55,Portage,097
ILVE,United States,Wisconsin,55,Price,099
ILVE,United States,Wisconsin,55,Racine,101
ILVE,United States,Wisconsin,55,Richland,103
ILVE,United States,Wisconsin,55,Rock,105
ILVE,United States,Wisconsin,55,Rusk,107
ILVE,United States,Wisconsin,55,Sauk,111
ILVE,United States,Wisconsin,55,Sawyer,113
ILVE,United States,Wisconsin,55,Shawano,115
ILVE,United States,Wisconsin,55,Sheboygan,117
ILVE,United States,Wisconsin,55,Taylor,119
ILVE,United States,Wisconsin,55,Trempealeau,121
ILVE,United States,Wisconsin,55,Vernon,123
ILVE,United States,Wisconsin,55,Vilas,125
ILVE,United States,Wisconsin,55,Walworth,127
ILVE,United States,Wisconsin,55,Washburn,129
ILVE,United States,Wisconsin,55,Washington,131
ILVE,United States,Wisconsin,55,Waukesha,133
ILVE,United States,Wisconsin,55,Waupaca,135
ILVE,United States,Wisconsin,55,Waushara,137
ILVE,United States,Wisconsin,55,Winnebago,139
ILVE,United States,Wisconsin,55,Wood,141
ILVE,Canada,Newfoundland,NF,,
